[
  {
    "description": "formatMaximum in the property",
    "schema": {
      "properties": {
        "finalDate": {
          "format": "date",
          "formatMaximum": { "$data": "1/beforeThan" }
        },
        "beforeThan": {}
      }
    },
    "tests": [
      {
        "description": "after the maximum date is invalid",
        "data": {
          "finalDate": "2015-11-09",
          "beforeThan": "2015-08-17"
        },
        "valid": false
      },
      {
        "description": "boundary point is valid",
        "data": {
          "finalDate": "2015-08-17",
          "beforeThan": "2015-08-17"
        },
        "valid": true
      },
      {
        "description": "before the maximum date is valid",
        "data": {
          "finalDate": "2014-12-03",
          "beforeThan": "2015-08-17"
        },
        "valid": true
      },
      {
        "description": "ignores non-strings",
        "data": {
          "finalDate": 2015,
          "beforeThan": "2015-08-17"
        },
        "valid": true
      },
      {
        "description": "fails if value of formatMaximum is not string",
        "data": {
          "finalDate": "2014-12-03",
          "beforeThan": 2015
        },
        "valid": false
      },
      {
        "description": "valid if value of formatMaximum is undefined",
        "data": {
          "finalDate": "2014-12-03"
        },
        "valid": true
      }
    ]
  },
  {
    "description": "formatMaximum in the property with formatExclusiveMaximum",
    "schema": {
      "properties": {
        "finalDate": {
          "format": "date",
          "formatMaximum": { "$data": "1/beforeThan" },
          "formatExclusiveMaximum": true
        },
        "beforeThan": {}
      }
    },
    "tests": [
      {
        "description": "after the maximum date is still invalid",
        "data": {
          "finalDate": "2015-11-09",
          "beforeThan": "2015-08-17"
        },
        "valid": false
      },
      {
        "description": "boundary point is invalid",
        "data": {
          "finalDate": "2015-08-17",
          "beforeThan": "2015-08-17"
        },
        "valid": false
      },
      {
        "description": "before the maximum date is still valid",
        "data": {
          "finalDate": "2014-12-03",
          "beforeThan": "2015-08-17"
        },
        "valid": true
      }
    ]
  },

  {
    "description": "formatMaximum with format in the property",
    "schema": {
      "properties": {
        "when": {
          "format": { "$data": "1/whenFormat" },
          "formatMaximum": "2015-08-17"
        },
        "whenFormat": {}
      }
    },
    "tests": [
      {
        "description": "after the maximum date is invalid",
        "data": {
          "when": "2015-11-09",
          "whenFormat": "date"
        },
        "valid": false
      },
      {
        "description": "boundary point is valid",
        "data": {
          "when": "2015-08-17",
          "whenFormat": "date"
        },
        "valid": true
      },
      {
        "description": "before the maximum date is valid",
        "data": {
          "when": "2014-12-03",
          "whenFormat": "date"
        },
        "valid": true
      },
      {
        "description": "ignores non-strings",
        "data": {
          "when": 2015,
          "whenFormat": "date"
        },
        "valid": true
      }
    ]
  },
  {
    "description": "formatMaximum with format in the property and with formatExclusiveMaximum",
    "schema": {
      "properties": {
        "when": {
          "format": { "$data": "1/whenFormat" },
          "formatMaximum": "2015-08-17",
          "formatExclusiveMaximum": true
        },
        "whenFormat": {}
      }
    },
    "tests": [
      {
        "description": "after the maximum date is still invalid",
        "data": {
          "when": "2015-11-09",
          "whenFormat": "date"
        },
        "valid": false
      },
      {
        "description": "boundary point is invalid",
        "data": {
          "when": "2015-08-17",
          "whenFormat": "date"
        },
        "valid": false
      },
      {
        "description": "before the maximum date is still valid",
        "data": {
          "when": "2014-12-03",
          "whenFormat": "date"
        },
        "valid": true
      }
    ]
  },

  {
    "description": "formatMaximum and format in the properties",
    "schema": {
      "properties": {
        "when": {
          "format": { "$data": "1/whenFormat" },
          "formatMaximum": { "$data": "1/beforeThan" }
        },
        "whenFormat": {},
        "beforeThan": {}
      }
    },
    "tests": [
      {
        "description": "after the maximum date is invalid",
        "data": {
          "when": "2015-11-09",
          "whenFormat": "date",
          "beforeThan": "2015-08-17"
        },
        "valid": false
      },
      {
        "description": "boundary point is valid",
        "data": {
          "when": "2015-08-17",
          "whenFormat": "date",
          "beforeThan": "2015-08-17"
        },
        "valid": true
      },
      {
        "description": "before the maximum date is valid",
        "data": {
          "when": "2014-12-03",
          "whenFormat": "date",
          "beforeThan": "2015-08-17"
        },
        "valid": true
      }
    ]
  },
  {
    "description": "formatMaximum and format in the properties with formatExclusiveMaximum",
    "schema": {
      "properties": {
        "when": {
          "format": { "$data": "1/whenFormat" },
          "formatMaximum": { "$data": "1/beforeThan" },
          "formatExclusiveMaximum": true
        },
        "whenFormat": {},
        "beforeThan": {}
      }
    },
    "tests": [
      {
        "description": "after the maximum date is still invalid",
        "data": {
          "when": "2015-11-09",
          "whenFormat": "date",
          "beforeThan": "2015-08-17"
        },
        "valid": false
      },
      {
        "description": "boundary point is invalid",
        "data": {
          "when": "2015-08-17",
          "whenFormat": "date",
          "beforeThan": "2015-08-17"
        },
        "valid": false
      },
      {
        "description": "before the maximum date is still valid",
        "data": {
          "when": "2014-12-03",
          "whenFormat": "date",
          "beforeThan": "2015-08-17"
        },
        "valid": true
      }
    ]
  },

  {
    "description": "formatExclusiveMaximum in the property",
    "schema": {
      "properties": {
        "finalDate": {
          "format": "date",
          "formatMaximum": "2015-08-17",
          "formatExclusiveMaximum": { "$data": "1/maxIsExclusive" }
        },
        "maxIsExclusive": {}
      }
    },
    "tests": [
      {
        "description": "after the maximum date is invalid",
        "data": {
          "finalDate": "2015-11-09",
          "maxIsExclusive": false
        },
        "valid": false
      },
      {
        "description": "boundary point is valid",
        "data": {
          "finalDate": "2015-08-17"
        },
        "valid": true
      },
      {
        "description": "before the maximum date is valid",
        "data": {
          "finalDate": "2014-12-03"
        },
        "valid": true
      },
      {
        "description": "after the maximum date is still invalid",
        "data": {
          "finalDate": "2015-11-09",
          "maxIsExclusive": true
        },
        "valid": false
      },
      {
        "description": "boundary point is invalid",
        "data": {
          "finalDate": "2015-08-17",
          "maxIsExclusive": true
        },
        "valid": false
      },
      {
        "description": "before the maximum date is still valid",
        "data": {
          "finalDate": "2014-12-03",
          "maxIsExclusive": true
        },
        "valid": true
      },
      {
        "description": "fails if value of formatExclusiveMaximum is not boolean",
        "data": {
          "finalDate": "2014-12-03",
          "maxIsExclusive": "false"
        },
        "valid": false
      }
    ]
  },

  {
    "description": "formatMaximum and formatExclusiveMaximum in the properties",
    "schema": {
      "properties": {
        "finalDate": {
          "format": "date",
          "formatMaximum": { "$data": "1/beforeThan" },
          "formatExclusiveMaximum": { "$data": "1/maxIsExclusive" }
        },
        "beforeThan": {},
        "maxIsExclusive": {}
      }
    },
    "tests": [
      {
        "description": "after the maximum date is invalid",
        "data": {
          "finalDate": "2015-11-09",
          "beforeThan": "2015-08-17",
          "maxIsExclusive": false
        },
        "valid": false
      },
      {
        "description": "boundary point is valid",
        "data": {
          "finalDate": "2015-08-17",
          "beforeThan": "2015-08-17"
        },
        "valid": true
      },
      {
        "description": "before the maximum date is valid",
        "data": {
          "finalDate": "2014-12-03",
          "beforeThan": "2015-08-17"
        },
        "valid": true
      },
      {
        "description": "after the maximum date is still invalid",
        "data": {
          "finalDate": "2015-11-09",
          "beforeThan": "2015-08-17",
          "maxIsExclusive": true
        },
        "valid": false
      },
      {
        "description": "boundary point is invalid",
        "data": {
          "finalDate": "2015-08-17",
          "beforeThan": "2015-08-17",
          "maxIsExclusive": true
        },
        "valid": false
      },
      {
        "description": "before the maximum date is still valid",
        "data": {
          "finalDate": "2014-12-03",
          "beforeThan": "2015-08-17",
          "maxIsExclusive": true
        },
        "valid": true
      },
      {
        "description": "fails if value of formatExclusiveMaximum is not boolean",
        "data": {
          "finalDate": "2014-12-03",
          "beforeThan": "2015-08-17",
          "maxIsExclusive": "false"
        },
        "valid": false
      },
      {
        "description": "fails if value of formatMaximum is not string",
        "data": {
          "finalDate": "2014-12-03",
          "beforeThan": 2015,
          "maxIsExclusive": false
        },
        "valid": false
      }
    ]
  },

  {
    "description": "formatMaximum with format and formatExclusiveMaximum in the properties",
    "schema": {
      "properties": {
        "when": {
          "format": { "$data": "1/whenFormat" },
          "formatMaximum": "2015-08-17",
          "formatExclusiveMaximum": { "$data": "1/maxIsExclusive" }
        },
        "whenFormat": {},
        "maxIsExclusive": {}
      }
    },
    "tests": [
      {
        "description": "after the maximum date is invalid",
        "data": {
          "when": "2015-11-09",
          "whenFormat": "date",
          "maxIsExclusive": false
        },
        "valid": false
      },
      {
        "description": "boundary point is valid",
        "data": {
          "when": "2015-08-17",
          "whenFormat": "date"
        },
        "valid": true
      },
      {
        "description": "before the maximum date is valid",
        "data": {
          "when": "2014-12-03",
          "whenFormat": "date"
        },
        "valid": true
      },
      {
        "description": "after the maximum date is still invalid",
        "data": {
          "when": "2015-11-09",
          "whenFormat": "date",
          "maxIsExclusive": true
        },
        "valid": false
      },
      {
        "description": "boundary point is invalid",
        "data": {
          "when": "2015-08-17",
          "whenFormat": "date",
          "maxIsExclusive": true
        },
        "valid": false
      },
      {
        "description": "before the maximum date is still valid",
        "data": {
          "when": "2014-12-03",
          "whenFormat": "date",
          "maxIsExclusive": true
        },
        "valid": true
      },
      {
        "description": "fails if value of formatExclusiveMaximum is not boolean",
        "data": {
          "when": "2014-12-03",
          "whenFormat": "date",
          "maxIsExclusive": "false"
        },
        "valid": false
      }
    ]
  },

  {
    "description": "formatMaximum, format and formatExclusiveMaximum in the properties",
    "schema": {
      "properties": {
        "when": {
          "format": { "$data": "1/whenFormat" },
          "formatMaximum": { "$data": "1/beforeThan" },
          "formatExclusiveMaximum": { "$data": "1/maxIsExclusive" }
        },
        "beforeThan": {},
        "whenFormat": {},
        "maxIsExclusive": {}
      }
    },
    "tests": [
      {
        "description": "after the maximum date is invalid",
        "data": {
          "when": "2015-11-09",
          "whenFormat": "date",
          "beforeThan": "2015-08-17",
          "maxIsExclusive": false
        },
        "valid": false
      },
      {
        "description": "boundary point is valid",
        "data": {
          "when": "2015-08-17",
          "whenFormat": "date",
          "beforeThan": "2015-08-17"
        },
        "valid": true
      },
      {
        "description": "before the maximum date is valid",
        "data": {
          "when": "2014-12-03",
          "whenFormat": "date",
          "beforeThan": "2015-08-17"
        },
        "valid": true
      },
      {
        "description": "after the maximum date is still invalid",
        "data": {
          "when": "2015-11-09",
          "whenFormat": "date",
          "beforeThan": "2015-08-17",
          "maxIsExclusive": true
        },
        "valid": false
      },
      {
        "description": "boundary point is invalid",
        "data": {
          "when": "2015-08-17",
          "whenFormat": "date",
          "beforeThan": "2015-08-17",
          "maxIsExclusive": true
        },
        "valid": false
      },
      {
        "description": "before the maximum date is still valid",
        "data": {
          "when": "2014-12-03",
          "whenFormat": "date",
          "beforeThan": "2015-08-17",
          "maxIsExclusive": true
        },
        "valid": true
      },
      {
        "description": "fails if value of formatExclusiveMaximum is not boolean",
        "data": {
          "when": "2014-12-03",
          "whenFormat": "date",
          "beforeThan": "2015-08-17",
          "maxIsExclusive": "false"
        },
        "valid": false
      }
    ]
  }
]
